offset,radius,height,variant,auc,med_free,med_clash
-4.0,16.0,40.0,aware1.5,0.9079250719446744,3.0,17.0
-4.0,16.0,40.0,aware2,0.9029554337236085,2.0,14.0
-4.0,16.0,40.0,aware1,0.8986502629993186,5.0,20.0
-4.0,16.0,40.0,aware2.5,0.8896341592187738,1.0,12.0
-4.0,16.0,40.0,aware0.5,0.8798641498701898,7.0,21.0
-4.0,16.0,40.0,aware3,0.8790786365146677,1.0,11.0
-4.0,16.0,40.0,plain,0.8738550096583262,7.0,22.0
-4.0,16.0,40.0,aware4,0.8655444846170741,0.0,9.0
